from_district,to_district,distance_km_estimated
BAGALKOT,BAGALKOT,0.0
BAGALKOT,BALLARI,174.85
BAGALKOT,BELAGAVI,133.75
BAGALKOT,BENGALURU (RURAL),395.87
BAGALKOT,BENGALURU (URBAN),411.21
BAGALKOT,BIDAR,272.6
BAGALKOT,CHAMARAJNAGAR,492.46
BAGALKOT,CHIKBALLAPUR,375.55
BAGALKOT,CHIKKAMAGALURU,318.91
BAGALKOT,CHITRADURGA,230.26
BAGALKOT,DAKSHIN KANNAD,374.69
BAGALKOT,DAVANGERE,192.61
BAGALKOT,DHARWAD,109.42
BAGALKOT,GADAG,84.2
BAGALKOT,HASSAN,355.83
BAGALKOT,HAVERI,157.71
BAGALKOT,KALABURAGI,174.56
BAGALKOT,KODAGU,418.0
BAGALKOT,KOLAR,427.91
BAGALKOT,KOPPAL,104.63
BAGALKOT,MANDYA,427.0
BAGALKOT,MYSURU,443.96
BAGALKOT,RAICHUR,175.57
BAGALKOT,RAMANAGARA,421.52
BAGALKOT,SHIVAMOGGA,250.97
BAGALKOT,TUMAKURU,351.17
BAGALKOT,UDUPI,332.42
BAGALKOT,UTTAR KANNAD,227.94
BAGALKOT,VIJAYAPURA,71.94
BAGALKOT,YADGIR,166.46
BAGALKOT,VIJAYANAGAR,125.72
BALLARI,BAGALKOT,174.85
BALLARI,BALLARI,0.0
BALLARI,BELAGAVI,271.45
BALLARI,BENGALURU (RURAL),231.82
BALLARI,BENGALURU (URBAN),251.75
BALLARI,BIDAR,314.66
BALLARI,CHAMARAJNAGAR,357.79
BALLARI,CHIKBALLAPUR,208.61
BALLARI,CHIKKAMAGALURU,237.59
BALLARI,CHITRADURGA,116.21
BALLARI,DAKSHIN KANNAD,332.97
BALLARI,DAVANGERE,131.08
BALLARI,DHARWAD,208.29
BALLARI,GADAG,143.28
BALLARI,HASSAN,253.13
BALLARI,HAVERI,167.46
BALLARI,KALABURAGI,243.79
BALLARI,KODAGU,327.83
BALLARI,KOLAR,258.06
BALLARI,KOPPAL,85.51
BALLARI,MANDYA,291.08
BALLARI,MYSURU,317.66
BALLARI,RAICHUR,127.56
BALLARI,RAMANAGARA,272.3
BALLARI,SHIVAMOGGA,198.25
BALLARI,TUMAKURU,201.43
BALLARI,UDUPI,308.48
BALLARI,UTTAR KANNAD,302.33
BALLARI,VIJAYAPURA,228.29
BALLARI,YADGIR,182.33
BALLARI,VIJAYANAGAR,58.72
BELAGAVI,BAGALKOT,133.75
BELAGAVI,BALLARI,271.45
BELAGAVI,BELAGAVI,0.0
BELAGAVI,BENGALURU (RURAL),454.07
BELAGAVI,BENGALURU (URBAN),462.2
BELAGAVI,BIDAR,394.84
BELAGAVI,CHAMARAJNAGAR,510.31
BELAGAVI,CHIKBALLAPUR,439.41
BELAGAVI,CHIKKAMAGALURU,313.32
BELAGAVI,CHITRADURGA,272.53
BELAGAVI,DAKSHIN KANNAD,328.7
BELAGAVI,DAVANGERE,217.0
BELAGAVI,DHARWAD,69.79
BELAGAVI,GADAG,128.92
BELAGAVI,HASSAN,360.15
BELAGAVI,HAVERI,152.42
BELAGAVI,KALABURAGI,297.19
BELAGAVI,KODAGU,403.68
BELAGAVI,KOLAR,493.85
BELAGAVI,KOPPAL,185.96
BELAGAVI,MANDYA,451.34
BELAGAVI,MYSURU,457.72
BELAGAVI,RAICHUR,306.83
BELAGAVI,RAMANAGARA,459.81
BELAGAVI,SHIVAMOGGA,242.49
BELAGAVI,TUMAKURU,396.8
BELAGAVI,UDUPI,280.2
BELAGAVI,UTTAR KANNAD,123.11
BELAGAVI,VIJAYAPURA,169.17
BELAGAVI,YADGIR,299.63
BELAGAVI,VIJAYANAGAR,212.83
BENGALURU (RURAL),BAGALKOT,395.87
BENGALURU (RURAL),BALLARI,231.82
BENGALURU (RURAL),BELAGAVI,454.07
BENGALURU (RURAL),BENGALURU (RURAL),0.0
BENGALURU (RURAL),BENGALURU (URBAN),28.0
BENGALURU (RURAL),BIDAR,524.31
BENGALURU (RURAL),CHAMARAJNAGAR,164.38
BENGALURU (RURAL),CHIKBALLAPUR,26.48
BENGALURU (RURAL),CHIKKAMAGALURU,209.79
BENGALURU (RURAL),CHITRADURGA,181.69
BENGALURU (RURAL),DAKSHIN KANNAD,310.39
BENGALURU (RURAL),DAVANGERE,238.63
BENGALURU (RURAL),DHARWAD,384.31
BENGALURU (RURAL),GADAG,334.81
BENGALURU (RURAL),HASSAN,175.25
BENGALURU (RURAL),HAVERI,305.25
BENGALURU (RURAL),KALABURAGI,469.09
BENGALURU (RURAL),KODAGU,230.14
BENGALURU (RURAL),KOLAR,46.31
BENGALURU (RURAL),KOPPAL,291.9
BENGALURU (RURAL),MANDYA,115.77
BENGALURU (RURAL),MYSURU,153.21
BENGALURU (RURAL),RAICHUR,337.34
BENGALURU (RURAL),RAMANAGARA,70.72
BENGALURU (RURAL),SHIVAMOGGA,245.04
BENGALURU (RURAL),TUMAKURU,65.63
BENGALURU (RURAL),UDUPI,321.22
BENGALURU (RURAL),UTTAR KANNAD,425.15
BENGALURU (RURAL),VIJAYAPURA,457.2
BENGALURU (RURAL),YADGIR,401.33
BENGALURU (RURAL),VIJAYANAGAR,270.37
BENGALURU (URBAN),BAGALKOT,411.21
BENGALURU (URBAN),BALLARI,251.75
BENGALURU (URBAN),BELAGAVI,462.2
BENGALURU (URBAN),BENGALURU (RURAL),28.0
BENGALURU (URBAN),BENGALURU (URBAN),0.0
BENGALURU (URBAN),BIDAR,549.23
BENGALURU (URBAN),CHAMARAJNAGAR,136.48
BENGALURU (URBAN),CHIKBALLAPUR,53.67
BENGALURU (URBAN),CHIKKAMAGALURU,201.04
BENGALURU (URBAN),CHITRADURGA,190.14
BENGALURU (URBAN),DAKSHIN KANNAD,296.85
BENGALURU (URBAN),DAVANGERE,245.36
BENGALURU (URBAN),DHARWAD,392.72
BENGALURU (URBAN),GADAG,346.45
BENGALURU (URBAN),HASSAN,161.94
BENGALURU (URBAN),HAVERI,311.39
BENGALURU (URBAN),KALABURAGI,491.67
BENGALURU (URBAN),KODAGU,210.37
BENGALURU (URBAN),KOLAR,60.74
BENGALURU (URBAN),KOPPAL,306.68
BENGALURU (URBAN),MANDYA,90.87
BENGALURU (URBAN),MYSURU,128.02
BENGALURU (URBAN),RAICHUR,361.32
BENGALURU (URBAN),RAMANAGARA,44.26
BENGALURU (URBAN),SHIVAMOGGA,243.68
BENGALURU (URBAN),TUMAKURU,65.8
BENGALURU (URBAN),UDUPI,311.57
BENGALURU (URBAN),UTTAR KANNAD,425.84
BENGALURU (URBAN),VIJAYAPURA,474.43
BENGALURU (URBAN),YADGIR,424.74
BENGALURU (URBAN),VIJAYANAGAR,286.53
BIDAR,BAGALKOT,272.6
BIDAR,BALLARI,314.66
BIDAR,BELAGAVI,394.84
BIDAR,BENGALURU (RURAL),524.31
BIDAR,BENGALURU (URBAN),549.23
BIDAR,BIDAR,0.0
BIDAR,CHAMARAJNAGAR,668.77
BIDAR,CHIKBALLAPUR,498.1
BIDAR,CHIKKAMAGALURU,544.06
BIDAR,CHITRADURGA,426.95
BIDAR,DAKSHIN KANNAD,624.6
BIDAR,DAVANGERE,419.45
BIDAR,DHARWAD,381.95
BIDAR,GADAG,342.08
BIDAR,HASSAN,566.07
BIDAR,HAVERI,413.56
BIDAR,KALABURAGI,98.34
BIDAR,KODAGU,639.27
BIDAR,KOLAR,534.9
BIDAR,KOPPAL,319.65
BIDAR,MANDYA,602.92
BIDAR,MYSURU,631.42
BIDAR,RAICHUR,189.78
BIDAR,RAMANAGARA,578.19
BIDAR,SHIVAMOGGA,489.33
BIDAR,TUMAKURU,510.26
BIDAR,UDUPI,588.72
BIDAR,UTTAR KANNAD,500.39
BIDAR,VIJAYAPURA,226.53
BIDAR,YADGIR,133.57
BIDAR,VIJAYANAGAR,317.4
CHAMARAJNAGAR,BAGALKOT,492.46
CHAMARAJNAGAR,BALLARI,357.79
CHAMARAJNAGAR,BELAGAVI,510.31
CHAMARAJNAGAR,BENGALURU (RURAL),164.38
CHAMARAJNAGAR,BENGALURU (URBAN),136.48
CHAMARAJNAGAR,BIDAR,668.77
CHAMARAJNAGAR,CHAMARAJNAGAR,0.0
CHAMARAJNAGAR,CHIKBALLAPUR,188.79
CHAMARAJNAGAR,CHIKKAMAGALURU,200.47
CHAMARAJNAGAR,CHITRADURGA,262.84
CHAMARAJNAGAR,DAKSHIN KANNAD,252.09
CHAMARAJNAGAR,DAVANGERE,303.58
CHAMARAJNAGAR,DHARWAD,445.42
CHAMARAJNAGAR,GADAG,415.46
CHAMARAJNAGAR,HASSAN,151.43
CHAMARAJNAGAR,HAVERI,360.16
CHAMARAJNAGAR,KALABURAGI,601.48
CHAMARAJNAGAR,KODAGU,142.41
CHAMARAJNAGAR,KOLAR,186.55
CHAMARAJNAGAR,KOPPAL,390.64
CHAMARAJNAGAR,MANDYA,66.92
CHAMARAJNAGAR,MYSURU,53.11
CHAMARAJNAGAR,RAICHUR,479.0
CHAMARAJNAGAR,RAMANAGARA,95.63
CHAMARAJNAGAR,SHIVAMOGGA,268.46
CHAMARAJNAGAR,TUMAKURU,158.59
CHAMARAJNAGAR,UDUPI,286.25
CHAMARAJNAGAR,UTTAR KANNAD,441.82
CHAMARAJNAGAR,VIJAYAPURA,561.71
CHAMARAJNAGAR,YADGIR,539.04
CHAMARAJNAGAR,VIJAYANAGAR,376.94
CHIKBALLAPUR,BAGALKOT,375.55
CHIKBALLAPUR,BALLARI,208.61
CHIKBALLAPUR,BELAGAVI,439.41
CHIKBALLAPUR,BENGALURU (RURAL),26.48
CHIKBALLAPUR,BENGALURU (URBAN),53.67
CHIKBALLAPUR,BIDAR,498.1
CHIKBALLAPUR,CHAMARAJNAGAR,188.79
CHIKBALLAPUR,CHIKBALLAPUR,0.0
CHIKBALLAPUR,CHIKKAMAGALURU,212.39
CHIKBALLAPUR,CHITRADURGA,168.64
CHIKBALLAPUR,DAKSHIN KANNAD,316.67
CHIKBALLAPUR,DAVANGERE,226.34
CHIKBALLAPUR,DHARWAD,369.63
CHIKBALLAPUR,GADAG,317.62
CHIKBALLAPUR,HASSAN,182.88
CHIKBALLAPUR,HAVERI,292.92
CHIKBALLAPUR,KALABURAGI,443.9
CHIKBALLAPUR,KODAGU,243.53
CHIKBALLAPUR,KOLAR,54.44
CHIKBALLAPUR,KOPPAL,272.34
CHIKBALLAPUR,MANDYA,136.15
CHIKBALLAPUR,MYSURU,173.42
CHIKBALLAPUR,RAICHUR,311.53
CHIKBALLAPUR,RAMANAGARA,93.69
CHIKBALLAPUR,SHIVAMOGGA,240.11
CHIKBALLAPUR,TUMAKURU,67.32
CHIKBALLAPUR,UDUPI,323.54
CHIKBALLAPUR,UTTAR KANNAD,417.12
CHIKBALLAPUR,VIJAYAPURA,435.38
CHIKBALLAPUR,YADGIR,375.75
CHIKBALLAPUR,VIJAYANAGAR,249.83
CHIKKAMAGALURU,BAGALKOT,318.91
CHIKKAMAGALURU,BALLARI,237.59
CHIKKAMAGALURU,BELAGAVI,313.32
CHIKKAMAGALURU,BENGALURU (RURAL),209.79
CHIKKAMAGALURU,BENGALURU (URBAN),201.04
CHIKKAMAGALURU,BIDAR,544.06
CHIKKAMAGALURU,CHAMARAJNAGAR,200.47
CHIKKAMAGALURU,CHIKBALLAPUR,212.39
CHIKKAMAGALURU,CHIKKAMAGALURU,0.0
CHIKKAMAGALURU,CHITRADURGA,121.6
CHIKKAMAGALURU,DAKSHIN KANNAD,108.8
CHIKKAMAGALURU,DAVANGERE,128.7
CHIKKAMAGALURU,DHARWAD,252.08
CHIKKAMAGALURU,GADAG,235.62
CHIKKAMAGALURU,HASSAN,49.47
CHIKKAMAGALURU,HAVERI,169.05
CHIKKAMAGALURU,KALABURAGI,460.22
CHIKKAMAGALURU,KODAGU,99.23
CHIKKAMAGALURU,KOLAR,255.96
CHIKKAMAGALURU,KOPPAL,229.93
CHIKKAMAGALURU,MANDYA,150.39
CHIKKAMAGALURU,MYSURU,147.37
CHIKKAMAGALURU,RAICHUR,363.66
CHIKKAMAGALURU,RAMANAGARA,176.68
CHIKKAMAGALURU,SHIVAMOGGA,71.72
CHIKKAMAGALURU,TUMAKURU,145.58
CHIKKAMAGALURU,UDUPI,111.47
CHIKKAMAGALURU,UTTAR KANNAD,242.25
CHIKKAMAGALURU,VIJAYAPURA,390.81
CHIKKAMAGALURU,YADGIR,410.67
CHIKKAMAGALURU,VIJAYANAGAR,227.15
CHITRADURGA,BAGALKOT,230.26
CHITRADURGA,BALLARI,116.21
CHITRADURGA,BELAGAVI,272.53
CHITRADURGA,BENGALURU (RURAL),181.69
CHITRADURGA,BENGALURU (URBAN),190.14
CHITRADURGA,BIDAR,426.95
CHITRADURGA,CHAMARAJNAGAR,262.84
CHITRADURGA,CHIKBALLAPUR,168.64
CHITRADURGA,CHIKKAMAGALURU,121.6
CHITRADURGA,CHITRADURGA,0.0
CHITRADURGA,DAKSHIN KANNAD,221.43
CHITRADURGA,DAVANGERE,57.79
CHITRADURGA,DHARWAD,202.85
CHITRADURGA,GADAG,157.94
CHITRADURGA,HASSAN,139.23
CHITRADURGA,HAVERI,124.29
CHITRADURGA,KALABURAGI,348.16
CHITRADURGA,KODAGU,212.58
CHITRADURGA,KOLAR,222.84
CHITRADURGA,KOPPAL,127.83
CHITRADURGA,MANDYA,196.88
CHITRADURGA,MYSURU,216.11
CHITRADURGA,RAICHUR,243.13
CHITRADURGA,RAMANAGARA,193.14
CHITRADURGA,SHIVAMOGGA,95.34
CHITRADURGA,TUMAKURU,125.56
CHITRADURGA,UDUPI,204.07
CHITRADURGA,UTTAR KANNAD,252.53
CHITRADURGA,VIJAYAPURA,298.9
CHITRADURGA,YADGIR,293.43
CHITRADURGA,VIJAYANAGAR,116.07
DAKSHIN KANNAD,BAGALKOT,374.69
DAKSHIN KANNAD,BALLARI,332.97
DAKSHIN KANNAD,BELAGAVI,328.7
DAKSHIN KANNAD,BENGALURU (RURAL),310.39
DAKSHIN KANNAD,BENGALURU (URBAN),296.85
DAKSHIN KANNAD,BIDAR,624.6
DAKSHIN KANNAD,CHAMARAJNAGAR,252.09
DAKSHIN KANNAD,CHIKBALLAPUR,316.67
DAKSHIN KANNAD,CHIKKAMAGALURU,108.8
DAKSHIN KANNAD,CHITRADURGA,221.43
DAKSHIN KANNAD,DAKSHIN KANNAD,0.0
DAKSHIN KANNAD,DAVANGERE,207.3
DAKSHIN KANNAD,DHARWAD,283.44
DAKSHIN KANNAD,GADAG,291.63
DAKSHIN KANNAD,HASSAN,135.24
DAKSHIN KANNAD,HAVERI,217.24
DAKSHIN KANNAD,KALABURAGI,534.32
DAKSHIN KANNAD,KODAGU,110.12
DAKSHIN KANNAD,KOLAR,355.47
DAKSHIN KANNAD,KOPPAL,304.96
DAKSHIN KANNAD,MANDYA,225.43
DAKSHIN KANNAD,MYSURU,205.37
DAKSHIN KANNAD,RAICHUR,454.03
DAKSHIN KANNAD,RAMANAGARA,263.95
DAKSHIN KANNAD,SHIVAMOGGA,136.71
DAKSHIN KANNAD,TUMAKURU,249.37
DAKSHIN KANNAD,UDUPI,49.03
DAKSHIN KANNAD,UTTAR KANNAD,224.05
DAKSHIN KANNAD,VIJAYAPURA,445.01
DAKSHIN KANNAD,YADGIR,493.53
DAKSHIN KANNAD,VIJAYANAGAR,309.77
DAVANGERE,BAGALKOT,192.61
DAVANGERE,BALLARI,131.08
DAVANGERE,BELAGAVI,217.0
DAVANGERE,BENGALURU (RURAL),238.63
DAVANGERE,BENGALURU (URBAN),245.36
DAVANGERE,BIDAR,419.45
DAVANGERE,CHAMARAJNAGAR,303.58
DAVANGERE,CHIKBALLAPUR,226.34
DAVANGERE,CHIKKAMAGALURU,128.7
DAVANGERE,CHITRADURGA,57.79
DAVANGERE,DAKSHIN KANNAD,207.3
DAVANGERE,DAVANGERE,0.0
DAVANGERE,DHARWAD,147.88
DAVANGERE,GADAG,112.16
DAVANGERE,HASSAN,163.22
DAVANGERE,HAVERI,66.67
DAVANGERE,KALABURAGI,332.77
DAVANGERE,KODAGU,227.72
DAVANGERE,KOLAR,280.44
DAVANGERE,KOPPAL,101.65
DAVANGERE,MANDYA,240.28
DAVANGERE,MYSURU,253.32
DAVANGERE,RAICHUR,247.01
DAVANGERE,RAMANAGARA,243.76
DAVANGERE,SHIVAMOGGA,70.61
DAVANGERE,TUMAKURU,179.84
DAVANGERE,UDUPI,178.38
DAVANGERE,UTTAR KANNAD,196.51
DAVANGERE,VIJAYAPURA,264.04
DAVANGERE,YADGIR,287.14
DAVANGERE,VIJAYANAGAR,102.68
DHARWAD,BAGALKOT,109.42
DHARWAD,BALLARI,208.29
DHARWAD,BELAGAVI,69.79
DHARWAD,BENGALURU (RURAL),384.31
DHARWAD,BENGALURU (URBAN),392.72
DHARWAD,BIDAR,381.95
DHARWAD,CHAMARAJNAGAR,445.42
DHARWAD,CHIKBALLAPUR,369.63
DHARWAD,CHIKKAMAGALURU,252.08
DHARWAD,CHITRADURGA,202.85
DHARWAD,DAKSHIN KANNAD,283.44
DHARWAD,DAVANGERE,147.88
DHARWAD,DHARWAD,0.0
DHARWAD,GADAG,65.69
DHARWAD,HASSAN,297.0
DHARWAD,HAVERI,85.31
DHARWAD,KALABURAGI,283.97
DHARWAD,KODAGU,346.51
DHARWAD,KOLAR,424.07
DHARWAD,KOPPAL,123.56
DHARWAD,MANDYA,384.86
DHARWAD,MYSURU,393.34
DHARWAD,RAICHUR,263.56
DHARWAD,RAMANAGARA,391.39
DHARWAD,SHIVAMOGGA,180.38
DHARWAD,TUMAKURU,327.47
DHARWAD,UDUPI,237.24
DHARWAD,UTTAR KANNAD,119.37
DHARWAD,VIJAYAPURA,169.93
DHARWAD,YADGIR,270.01
DHARWAD,VIJAYANAGAR,149.79
GADAG,BAGALKOT,84.2
GADAG,BALLARI,143.28
GADAG,BELAGAVI,128.92
GADAG,BENGALURU (RURAL),334.81
GADAG,BENGALURU (URBAN),346.45
GADAG,BIDAR,342.08
GADAG,CHAMARAJNAGAR,415.46
GADAG,CHIKBALLAPUR,317.62
GADAG,CHIKKAMAGALURU,235.62
GADAG,CHITRADURGA,157.94
GADAG,DAKSHIN KANNAD,291.63
GADAG,DAVANGERE,112.16
GADAG,DHARWAD,65.69
GADAG,GADAG,0.0
GADAG,HASSAN,274.38
GADAG,HAVERI,74.43
GADAG,KALABURAGI,247.0
GADAG,KODAGU,334.46
GADAG,KOLAR,371.73
GADAG,KOPPAL,58.02
GADAG,MANDYA,351.42
GADAG,MYSURU,365.47
GADAG,RAICHUR,203.9
GADAG,RAMANAGARA,351.02
GADAG,SHIVAMOGGA,166.9
GADAG,TUMAKURU,283.06
GADAG,UDUPI,250.8
GADAG,UTTAR KANNAD,174.68
GADAG,VIJAYAPURA,155.99
GADAG,YADGIR,219.92
GADAG,VIJAYANAGAR,84.58
HASSAN,BAGALKOT,355.83
HASSAN,BALLARI,253.13
HASSAN,BELAGAVI,360.15
HASSAN,BENGALURU (RURAL),175.25
HASSAN,BENGALURU (URBAN),161.94
HASSAN,BIDAR,566.07
HASSAN,CHAMARAJNAGAR,151.43
HASSAN,CHIKBALLAPUR,182.88
HASSAN,CHIKKAMAGALURU,49.47
HASSAN,CHITRADURGA,139.23
HASSAN,DAKSHIN KANNAD,135.24
HASSAN,DAVANGERE,163.22
HASSAN,DHARWAD,297.0
HASSAN,GADAG,274.38
HASSAN,HASSAN,0.0
HASSAN,HAVERI,212.45
HASSAN,KALABURAGI,486.85
HASSAN,KODAGU,75.75
HASSAN,KOLAR,220.24
HASSAN,KOPPAL,260.66
HASSAN,MANDYA,101.67
HASSAN,MYSURU,98.34
HASSAN,RAICHUR,380.68
HASSAN,RAMANAGARA,132.11
HASSAN,SHIVAMOGGA,117.68
HASSAN,TUMAKURU,116.09
HASSAN,UDUPI,151.68
HASSAN,UTTAR KANNAD,291.72
HASSAN,VIJAYAPURA,427.21
HASSAN,YADGIR,432.6
HASSAN,VIJAYANAGAR,253.48
HAVERI,BAGALKOT,157.71
HAVERI,BALLARI,167.46
HAVERI,BELAGAVI,152.42
HAVERI,BENGALURU (RURAL),305.25
HAVERI,BENGALURU (URBAN),311.39
HAVERI,BIDAR,413.56
HAVERI,CHAMARAJNAGAR,360.16
HAVERI,CHIKBALLAPUR,292.92
HAVERI,CHIKKAMAGALURU,169.05
HAVERI,CHITRADURGA,124.29
HAVERI,DAKSHIN KANNAD,217.24
HAVERI,DAVANGERE,66.67
HAVERI,DHARWAD,85.31
HAVERI,GADAG,74.43
HAVERI,HASSAN,212.45
HAVERI,HAVERI,0.0
HAVERI,KALABURAGI,319.99
HAVERI,KODAGU,265.95
HAVERI,KOLAR,347.08
HAVERI,KOPPAL,101.62
HAVERI,MANDYA,299.63
HAVERI,MYSURU,308.2
HAVERI,RAICHUR,260.89
HAVERI,RAMANAGARA,307.45
HAVERI,SHIVAMOGGA,97.68
HAVERI,TUMAKURU,245.67
HAVERI,UDUPI,176.64
HAVERI,UTTAR KANNAD,137.11
HAVERI,VIJAYAPURA,228.78
HAVERI,YADGIR,287.23
HAVERI,VIJAYANAGAR,118.41
KALABURAGI,BAGALKOT,174.56
KALABURAGI,BALLARI,243.79
KALABURAGI,BELAGAVI,297.19
KALABURAGI,BENGALURU (RURAL),469.09
KALABURAGI,BENGALURU (URBAN),491.67
KALABURAGI,BIDAR,98.34
KALABURAGI,CHAMARAJNAGAR,601.48
KALABURAGI,CHIKBALLAPUR,443.9
KALABURAGI,CHIKKAMAGALURU,460.22
KALABURAGI,CHITRADURGA,348.16
KALABURAGI,DAKSHIN KANNAD,534.32
KALABURAGI,DAVANGERE,332.77
KALABURAGI,DHARWAD,283.97
KALABURAGI,GADAG,247.0
KALABURAGI,HASSAN,486.85
KALABURAGI,HAVERI,319.99
KALABURAGI,KALABURAGI,0.0
KALABURAGI,KODAGU,557.7
KALABURAGI,KOLAR,487.02
KALABURAGI,KOPPAL,231.25
KALABURAGI,MANDYA,534.67
KALABURAGI,MYSURU,560.08
KALABURAGI,RAICHUR,136.22
KALABURAGI,RAMANAGARA,515.44
KALABURAGI,SHIVAMOGGA,401.1
KALABURAGI,TUMAKURU,445.01
KALABURAGI,UDUPI,496.34
KALABURAGI,UTTAR KANNAD,402.14
KALABURAGI,VIJAYAPURA,130.4
KALABURAGI,YADGIR,71.24
KALABURAGI,VIJAYANAGAR,233.68
KODAGU,BAGALKOT,418.0
KODAGU,BALLARI,327.83
KODAGU,BELAGAVI,403.68
KODAGU,BENGALURU (RURAL),230.14
KODAGU,BENGALURU (URBAN),210.37
KODAGU,BIDAR,639.27
KODAGU,CHAMARAJNAGAR,142.41
KODAGU,CHIKBALLAPUR,243.53
KODAGU,CHIKKAMAGALURU,99.23
KODAGU,CHITRADURGA,212.58
KODAGU,DAKSHIN KANNAD,110.12
KODAGU,DAVANGERE,227.72
KODAGU,DHARWAD,346.51
KODAGU,GADAG,334.46
KODAGU,HASSAN,75.75
KODAGU,HAVERI,265.95
KODAGU,KALABURAGI,557.7
KODAGU,KODAGU,0.0
KODAGU,KOLAR,271.1
KODAGU,KOPPAL,328.46
KODAGU,MANDYA,126.07
KODAGU,MYSURU,98.92
KODAGU,RAICHUR,455.3
KODAGU,RAMANAGARA,170.64
KODAGU,SHIVAMOGGA,168.42
KODAGU,TUMAKURU,180.74
KODAGU,UDUPI,148.48
KODAGU,UTTAR KANNAD,316.4
KODAGU,VIJAYAPURA,489.92
KODAGU,YADGIR,505.7
KODAGU,VIJAYANAGAR,324.06
KOLAR,BAGALKOT,427.91
KOLAR,BALLARI,258.06
KOLAR,BELAGAVI,493.85
KOLAR,BENGALURU (RURAL),46.31
KOLAR,BENGALURU (URBAN),60.74
KOLAR,BIDAR,534.9
KOLAR,CHAMARAJNAGAR,186.55
KOLAR,CHIKBALLAPUR,54.44
KOLAR,CHIKKAMAGALURU,255.96
KOLAR,CHITRADURGA,222.84
KOLAR,DAKSHIN KANNAD,355.47
KOLAR,DAVANGERE,280.44
KOLAR,DHARWAD,424.07
KOLAR,GADAG,371.73
KOLAR,HASSAN,220.24
KOLAR,HAVERI,347.08
KOLAR,KALABURAGI,487.02
KOLAR,KODAGU,271.1
KOLAR,KOLAR,0.0
KOLAR,KOPPAL,325.44
KOLAR,MANDYA,150.24
KOLAR,MYSURU,186.67
KOLAR,RAICHUR,352.33
KOLAR,RAMANAGARA,103.05
KOLAR,SHIVAMOGGA,290.63
KOLAR,TUMAKURU,111.83
KOLAR,UDUPI,367.35
KOLAR,UTTAR KANNAD,469.71
KOLAR,VIJAYAPURA,486.06
KOLAR,YADGIR,417.43
KOLAR,VIJAYANAGAR,302.27
KOPPAL,BAGALKOT,104.63
KOPPAL,BALLARI,85.51
KOPPAL,BELAGAVI,185.96
KOPPAL,BENGALURU (RURAL),291.9
KOPPAL,BENGALURU (URBAN),306.68
KOPPAL,BIDAR,319.65
KOPPAL,CHAMARAJNAGAR,390.64
KOPPAL,CHIKBALLAPUR,272.34
KOPPAL,CHIKKAMAGALURU,229.93
KOPPAL,CHITRADURGA,127.83
KOPPAL,DAKSHIN KANNAD,304.96
KOPPAL,DAVANGERE,101.65
KOPPAL,DHARWAD,123.56
KOPPAL,GADAG,58.02
KOPPAL,HASSAN,260.66
KOPPAL,HAVERI,101.62
KOPPAL,KALABURAGI,231.25
KOPPAL,KODAGU,328.46
KOPPAL,KOLAR,325.44
KOPPAL,KOPPAL,0.0
KOPPAL,MANDYA,324.51
KOPPAL,MYSURU,343.66
KOPPAL,RAICHUR,159.26
KOPPAL,RAMANAGARA,317.19
KOPPAL,SHIVAMOGGA,170.1
KOPPAL,TUMAKURU,246.63
KOPPAL,UDUPI,270.35
KOPPAL,UTTAR KANNAD,225.94
KOPPAL,VIJAYAPURA,171.27
KOPPAL,YADGIR,189.23
KOPPAL,VIJAYANAGAR,26.88
MANDYA,BAGALKOT,427.0
MANDYA,BALLARI,291.08
MANDYA,BELAGAVI,451.34
MANDYA,BENGALURU (RURAL),115.77
MANDYA,BENGALURU (URBAN),90.87
MANDYA,BIDAR,602.92
MANDYA,CHAMARAJNAGAR,66.92
MANDYA,CHIKBALLAPUR,136.15
MANDYA,CHIKKAMAGALURU,150.39
MANDYA,CHITRADURGA,196.88
MANDYA,DAKSHIN KANNAD,225.43
MANDYA,DAVANGERE,240.28
MANDYA,DHARWAD,384.86
MANDYA,GADAG,351.42
MANDYA,HASSAN,101.67
MANDYA,HAVERI,299.63
MANDYA,KALABURAGI,534.67
MANDYA,KODAGU,126.07
MANDYA,KOLAR,150.24
MANDYA,KOPPAL,324.51
MANDYA,MANDYA,0.0
MANDYA,MYSURU,37.45
MANDYA,RAICHUR,413.17
MANDYA,RAMANAGARA,47.19
MANDYA,SHIVAMOGGA,212.48
MANDYA,TUMAKURU,93.89
MANDYA,UDUPI,250.47
MANDYA,UTTAR KANNAD,391.88
MANDYA,VIJAYAPURA,495.73
MANDYA,YADGIR,472.63
MANDYA,VIJAYANAGAR,310.27
MYSURU,BAGALKOT,443.96
MYSURU,BALLARI,317.66
MYSURU,BELAGAVI,457.72
MYSURU,BENGALURU (RURAL),153.21
MYSURU,BENGALURU (URBAN),128.02
MYSURU,BIDAR,631.42
MYSURU,CHAMARAJNAGAR,53.11
MYSURU,CHIKBALLAPUR,173.42
MYSURU,CHIKKAMAGALURU,147.37
MYSURU,CHITRADURGA,216.11
MYSURU,DAKSHIN KANNAD,205.37
MYSURU,DAVANGERE,253.32
MYSURU,DHARWAD,393.34
MYSURU,GADAG,365.47
MYSURU,HASSAN,98.34
MYSURU,HAVERI,308.2
MYSURU,KALABURAGI,560.08
MYSURU,KODAGU,98.92
MYSURU,KOLAR,186.67
MYSURU,KOPPAL,343.66
MYSURU,MANDYA,37.45
MYSURU,MYSURU,0.0
MYSURU,RAICHUR,442.03
MYSURU,RAMANAGARA,83.93
MYSURU,SHIVAMOGGA,215.58
MYSURU,TUMAKURU,126.93
MYSURU,UDUPI,236.26
MYSURU,UTTAR KANNAD,388.92
MYSURU,VIJAYAPURA,514.02
MYSURU,YADGIR,499.93
MYSURU,VIJAYANAGAR,331.68
RAICHUR,BAGALKOT,175.57
RAICHUR,BALLARI,127.56
RAICHUR,BELAGAVI,306.83
RAICHUR,BENGALURU (RURAL),337.34
RAICHUR,BENGALURU (URBAN),361.32
RAICHUR,BIDAR,189.78
RAICHUR,CHAMARAJNAGAR,479.0
RAICHUR,CHIKBALLAPUR,311.53
RAICHUR,CHIKKAMAGALURU,363.66
RAICHUR,CHITRADURGA,243.13
RAICHUR,DAKSHIN KANNAD,454.03
RAICHUR,DAVANGERE,247.01
RAICHUR,DHARWAD,263.56
RAICHUR,GADAG,203.9
RAICHUR,HASSAN,380.68
RAICHUR,HAVERI,260.89
RAICHUR,KALABURAGI,136.22
RAICHUR,KODAGU,455.3
RAICHUR,KOLAR,352.33
RAICHUR,KOPPAL,159.26
RAICHUR,MANDYA,413.17
RAICHUR,MYSURU,442.03
RAICHUR,RAICHUR,0.0
RAICHUR,RAMANAGARA,388.83
RAICHUR,SHIVAMOGGA,317.4
RAICHUR,TUMAKURU,320.51
RAICHUR,UDUPI,424.45
RAICHUR,UTTAR KANNAD,378.51
RAICHUR,VIJAYAPURA,187.25
RAICHUR,YADGIR,65.37
RAICHUR,VIJAYANAGAR,146.29
RAMANAGARA,BAGALKOT,421.52
RAMANAGARA,BALLARI,272.3
RAMANAGARA,BELAGAVI,459.81
RAMANAGARA,BENGALURU (RURAL),70.72
RAMANAGARA,BENGALURU (URBAN),44.26
RAMANAGARA,BIDAR,578.19
RAMANAGARA,CHAMARAJNAGAR,95.63
RAMANAGARA,CHIKBALLAPUR,93.69
RAMANAGARA,CHIKKAMAGALURU,176.68
RAMANAGARA,CHITRADURGA,193.14
RAMANAGARA,DAKSHIN KANNAD,263.95
RAMANAGARA,DAVANGERE,243.76
RAMANAGARA,DHARWAD,391.39
RAMANAGARA,GADAG,351.02
RAMANAGARA,HASSAN,132.11
RAMANAGARA,HAVERI,307.45
RAMANAGARA,KALABURAGI,515.44
RAMANAGARA,KODAGU,170.64
RAMANAGARA,KOLAR,103.05
RAMANAGARA,KOPPAL,317.19
RAMANAGARA,MANDYA,47.19
RAMANAGARA,MYSURU,83.93
RAMANAGARA,RAICHUR,388.83
RAMANAGARA,RAMANAGARA,0.0
RAMANAGARA,SHIVAMOGGA,229.38
RAMANAGARA,TUMAKURU,71.45
RAMANAGARA,UDUPI,283.79
RAMANAGARA,UTTAR KANNAD,411.99
RAMANAGARA,VIJAYAPURA,487.72
RAMANAGARA,YADGIR,450.62
RAMANAGARA,VIJAYANAGAR,299.73
SHIVAMOGGA,BAGALKOT,250.97
SHIVAMOGGA,BALLARI,198.25
SHIVAMOGGA,BELAGAVI,242.49
SHIVAMOGGA,BENGALURU (RURAL),245.04
SHIVAMOGGA,BENGALURU (URBAN),243.68
SHIVAMOGGA,BIDAR,489.33
SHIVAMOGGA,CHAMARAJNAGAR,268.46
SHIVAMOGGA,CHIKBALLAPUR,240.11
SHIVAMOGGA,CHIKKAMAGALURU,71.72
SHIVAMOGGA,CHITRADURGA,95.34
SHIVAMOGGA,DAKSHIN KANNAD,136.71
SHIVAMOGGA,DAVANGERE,70.61
SHIVAMOGGA,DHARWAD,180.38
SHIVAMOGGA,GADAG,166.9
SHIVAMOGGA,HASSAN,117.68
SHIVAMOGGA,HAVERI,97.68
SHIVAMOGGA,KALABURAGI,401.1
SHIVAMOGGA,KODAGU,168.42
SHIVAMOGGA,KOLAR,290.63
SHIVAMOGGA,KOPPAL,170.1
SHIVAMOGGA,MANDYA,212.48
SHIVAMOGGA,MYSURU,215.58
SHIVAMOGGA,RAICHUR,317.4
SHIVAMOGGA,RAMANAGARA,229.38
SHIVAMOGGA,SHIVAMOGGA,0.0
SHIVAMOGGA,TUMAKURU,179.89
SHIVAMOGGA,UDUPI,110.71
SHIVAMOGGA,UTTAR KANNAD,182.83
SHIVAMOGGA,VIJAYAPURA,322.86
SHIVAMOGGA,YADGIR,357.45
SHIVAMOGGA,VIJAYANAGAR,173.22
TUMAKURU,BAGALKOT,351.17
TUMAKURU,BALLARI,201.43
TUMAKURU,BELAGAVI,396.8
TUMAKURU,BENGALURU (RURAL),65.63
TUMAKURU,BENGALURU (URBAN),65.8
TUMAKURU,BIDAR,510.26
TUMAKURU,CHAMARAJNAGAR,158.59
TUMAKURU,CHIKBALLAPUR,67.32
TUMAKURU,CHIKKAMAGALURU,145.58
TUMAKURU,CHITRADURGA,125.56
TUMAKURU,DAKSHIN KANNAD,249.37
TUMAKURU,DAVANGERE,179.84
TUMAKURU,DHARWAD,327.47
TUMAKURU,GADAG,283.06
TUMAKURU,HASSAN,116.09
TUMAKURU,HAVERI,245.67
TUMAKURU,KALABURAGI,445.01
TUMAKURU,KODAGU,180.74
TUMAKURU,KOLAR,111.83
TUMAKURU,KOPPAL,246.63
TUMAKURU,MANDYA,93.89
TUMAKURU,MYSURU,126.93
TUMAKURU,RAICHUR,320.51
TUMAKURU,RAMANAGARA,71.45
TUMAKURU,SHIVAMOGGA,179.89
TUMAKURU,TUMAKURU,0.0
TUMAKURU,UDUPI,256.98
TUMAKURU,UTTAR KANNAD,361.07
TUMAKURU,VIJAYAPURA,416.67
TUMAKURU,YADGIR,381.17
TUMAKURU,VIJAYANAGAR,228.54
UDUPI,BAGALKOT,332.42
UDUPI,BALLARI,308.48
UDUPI,BELAGAVI,280.2
UDUPI,BENGALURU (RURAL),321.22
UDUPI,BENGALURU (URBAN),311.57
UDUPI,BIDAR,588.72
UDUPI,CHAMARAJNAGAR,286.25
UDUPI,CHIKBALLAPUR,323.54
UDUPI,CHIKKAMAGALURU,111.47
UDUPI,CHITRADURGA,204.07
UDUPI,DAKSHIN KANNAD,49.03
UDUPI,DAVANGERE,178.38
UDUPI,DHARWAD,237.24
UDUPI,GADAG,250.8
UDUPI,HASSAN,151.68
UDUPI,HAVERI,176.64
UDUPI,KALABURAGI,496.34
UDUPI,KODAGU,148.48
UDUPI,KOLAR,367.35
UDUPI,KOPPAL,270.35
UDUPI,MANDYA,250.47
UDUPI,MYSURU,236.26
UDUPI,RAICHUR,424.45
UDUPI,RAMANAGARA,283.79
UDUPI,SHIVAMOGGA,110.71
UDUPI,TUMAKURU,256.98
UDUPI,UDUPI,0.0
UDUPI,UTTAR KANNAD,175.34
UDUPI,VIJAYAPURA,401.66
UDUPI,YADGIR,459.57
UDUPI,VIJAYANAGAR,278.42
UTTAR KANNAD,BAGALKOT,227.94
UTTAR KANNAD,BALLARI,302.33
UTTAR KANNAD,BELAGAVI,123.11
UTTAR KANNAD,BENGALURU (RURAL),425.15
UTTAR KANNAD,BENGALURU (URBAN),425.84
UTTAR KANNAD,BIDAR,500.39
UTTAR KANNAD,CHAMARAJNAGAR,441.82
UTTAR KANNAD,CHIKBALLAPUR,417.12
UTTAR KANNAD,CHIKKAMAGALURU,242.25
UTTAR KANNAD,CHITRADURGA,252.53
UTTAR KANNAD,DAKSHIN KANNAD,224.05
UTTAR KANNAD,DAVANGERE,196.51
UTTAR KANNAD,DHARWAD,119.37
UTTAR KANNAD,GADAG,174.68
UTTAR KANNAD,HASSAN,291.72
UTTAR KANNAD,HAVERI,137.11
UTTAR KANNAD,KALABURAGI,402.14
UTTAR KANNAD,KODAGU,316.4
UTTAR KANNAD,KOLAR,469.71
UTTAR KANNAD,KOPPAL,225.94
UTTAR KANNAD,MANDYA,391.88
UTTAR KANNAD,MYSURU,388.92
UTTAR KANNAD,RAICHUR,378.51
UTTAR KANNAD,RAMANAGARA,411.99
UTTAR KANNAD,SHIVAMOGGA,182.83
UTTAR KANNAD,TUMAKURU,361.07
UTTAR KANNAD,UDUPI,175.34
UTTAR KANNAD,UTTAR KANNAD,0.0
UTTAR KANNAD,VIJAYAPURA,281.98
UTTAR KANNAD,YADGIR,389.09
UTTAR KANNAD,VIJAYANAGAR,248.42
VIJAYAPURA,BAGALKOT,71.94
VIJAYAPURA,BALLARI,228.29
VIJAYAPURA,BELAGAVI,169.17
VIJAYAPURA,BENGALURU (RURAL),457.2
VIJAYAPURA,BENGALURU (URBAN),474.43
VIJAYAPURA,BIDAR,226.53
VIJAYAPURA,CHAMARAJNAGAR,561.71
VIJAYAPURA,CHIKBALLAPUR,435.38
VIJAYAPURA,CHIKKAMAGALURU,390.81
VIJAYAPURA,CHITRADURGA,298.9
VIJAYAPURA,DAKSHIN KANNAD,445.01
VIJAYAPURA,DAVANGERE,264.04
VIJAYAPURA,DHARWAD,169.93
VIJAYAPURA,GADAG,155.99
VIJAYAPURA,HASSAN,427.21
VIJAYAPURA,HAVERI,228.78
VIJAYAPURA,KALABURAGI,130.4
VIJAYAPURA,KODAGU,489.92
VIJAYAPURA,KOLAR,486.06
VIJAYAPURA,KOPPAL,171.27
VIJAYAPURA,MANDYA,495.73
VIJAYAPURA,MYSURU,514.02
VIJAYAPURA,RAICHUR,187.25
VIJAYAPURA,RAMANAGARA,487.72
VIJAYAPURA,SHIVAMOGGA,322.86
VIJAYAPURA,TUMAKURU,416.67
VIJAYAPURA,UDUPI,401.66
VIJAYAPURA,UTTAR KANNAD,281.98
VIJAYAPURA,VIJAYAPURA,0.0
VIJAYAPURA,YADGIR,152.19
VIJAYAPURA,VIJAYANAGAR,188.24
YADGIR,BAGALKOT,166.46
YADGIR,BALLARI,182.33
YADGIR,BELAGAVI,299.63
YADGIR,BENGALURU (RURAL),401.33
YADGIR,BENGALURU (URBAN),424.74
YADGIR,BIDAR,133.57
YADGIR,CHAMARAJNAGAR,539.04
YADGIR,CHIKBALLAPUR,375.75
YADGIR,CHIKKAMAGALURU,410.67
YADGIR,CHITRADURGA,293.43
YADGIR,DAKSHIN KANNAD,493.53
YADGIR,DAVANGERE,287.14
YADGIR,DHARWAD,270.01
YADGIR,GADAG,219.92
YADGIR,HASSAN,432.6
YADGIR,HAVERI,287.23
YADGIR,KALABURAGI,71.24
YADGIR,KODAGU,505.7
YADGIR,KOLAR,417.43
YADGIR,KOPPAL,189.23
YADGIR,MANDYA,472.63
YADGIR,MYSURU,499.93
YADGIR,RAICHUR,65.37
YADGIR,RAMANAGARA,450.62
YADGIR,SHIVAMOGGA,357.45
YADGIR,TUMAKURU,381.17
YADGIR,UDUPI,459.57
YADGIR,UTTAR KANNAD,389.09
YADGIR,VIJAYAPURA,152.19
YADGIR,YADGIR,0.0
YADGIR,VIJAYANAGAR,184.61
VIJAYANAGAR,BAGALKOT,125.72
VIJAYANAGAR,BALLARI,58.72
VIJAYANAGAR,BELAGAVI,212.83
VIJAYANAGAR,BENGALURU (RURAL),270.37
VIJAYANAGAR,BENGALURU (URBAN),286.53
VIJAYANAGAR,BIDAR,317.4
VIJAYANAGAR,CHAMARAJNAGAR,376.94
VIJAYANAGAR,CHIKBALLAPUR,249.83
VIJAYANAGAR,CHIKKAMAGALURU,227.15
VIJAYANAGAR,CHITRADURGA,116.07
VIJAYANAGAR,DAKSHIN KANNAD,309.77
VIJAYANAGAR,DAVANGERE,102.68
VIJAYANAGAR,DHARWAD,149.79
VIJAYANAGAR,GADAG,84.58
VIJAYANAGAR,HASSAN,253.48
VIJAYANAGAR,HAVERI,118.41
VIJAYANAGAR,KALABURAGI,233.68
VIJAYANAGAR,KODAGU,324.06
VIJAYANAGAR,KOLAR,302.27
VIJAYANAGAR,KOPPAL,26.88
VIJAYANAGAR,MANDYA,310.27
VIJAYANAGAR,MYSURU,331.68
VIJAYANAGAR,RAICHUR,146.29
VIJAYANAGAR,RAMANAGARA,299.73
VIJAYANAGAR,SHIVAMOGGA,173.22
VIJAYANAGAR,TUMAKURU,228.54
VIJAYANAGAR,UDUPI,278.42
VIJAYANAGAR,UTTAR KANNAD,248.42
VIJAYANAGAR,VIJAYAPURA,188.24
VIJAYANAGAR,YADGIR,184.61
VIJAYANAGAR,VIJAYANAGAR,0.0
